,Processor total (J),Processor mean (W),DRAM total (J),DRAM mean (W),Total time (s)
0,71.1895,22.796155172413798,3.0276,0.9689275862068966,3.1209999999999996
