,Processor total (J),Processor mean (W),DRAM total (J),DRAM mean (W),Total time (s)
0,55.649800000000006,15.06675411764706,3.1147,0.8405314285714285,3.7119999999999997
