,Processor total (J),Processor mean (W),DRAM total (J),DRAM mean (W),Total time (s)
0,30.446800000000003,11.9083375,2.2066000000000003,0.8557291666666667,2.5749000000000004
