,Processor total (J),Processor mean (W),DRAM total (J),DRAM mean (W),Total time (s)
0,71.32130000000001,22.743824137931036,3.0362,0.9680206896551725,3.1319000000000004
