,Processor total (J),Processor mean (W),DRAM total (J),DRAM mean (W),Total time (s)
0,81.4611,21.299808333333335,3.7515,0.9777894444444444,3.8387000000000002
