,Processor total (J),Processor mean (W),DRAM total (J),DRAM mean (W),Total time (s)
0,24.5041,10.007468297101449,2.1087999999999996,0.8431976449275365,2.5063
