,Processor total (J),Processor mean (W),DRAM total (J),DRAM mean (W),Total time (s)
0,44.32470000000001,14.216585312899104,2.8819999999999997,0.9317371647509578,3.0993000000000004
