,Processor total (J),Processor mean (W),DRAM total (J),DRAM mean (W),Total time (s)
0,29.357099999999996,11.638471195652174,2.1414999999999997,0.833505434782609,2.5535
