,Processor total (J),Processor mean (W),DRAM total (J),DRAM mean (W),Total time (s)
0,63.6229,15.884679729729726,3.8120999999999996,0.9565575825825826,3.9854999999999996
