,Processor total (J),Processor mean (W),DRAM total (J),DRAM mean (W),Total time (s)
0,61.804500000000004,15.784104523809523,3.7332,0.9577498412698413,3.8802
