,Processor total (J),Processor mean (W),DRAM total (J),DRAM mean (W),Total time (s)
0,45.77720000000001,14.612314901477834,2.9133999999999998,0.935800369458128,3.1175
