,Processor total (J),Processor mean (W),DRAM total (J),DRAM mean (W),Total time (s)
0,55.8424,15.105238106697223,3.1034999999999995,0.8554165366373823,3.7067
