,Processor total (J),Processor mean (W),DRAM total (J),DRAM mean (W),Total time (s)
0,46.943599999999996,17.00190555685619,2.1919,0.8032099671125975,2.7419000000000002
