,Processor total (J),Processor mean (W),DRAM total (J),DRAM mean (W),Total time (s)
0,48.894099999999995,17.08818064214047,2.1352,0.775378254180602,2.8045
