,Processor total (J),Processor mean (W),DRAM total (J),DRAM mean (W),Total time (s)
0,51.214800000000004,17.820056336182333,2.3363,0.8179654700854702,2.8746
