,Processor total (J),Processor mean (W),DRAM total (J),DRAM mean (W),Total time (s)
0,36.2658,12.987811320512822,2.3085,0.8283057435897436,2.7859000000000003
