,Processor total (J),Processor mean (W),DRAM total (J),DRAM mean (W),Total time (s)
0,62.82930000000001,18.69136754032258,2.5273999999999996,0.7509970766129033,3.3747
