,Processor total (J),Processor mean (W),DRAM total (J),DRAM mean (W),Total time (s)
0,23.1114,9.438159239130433,2.0605999999999995,0.8198326086956522,2.5276000000000005
