,Processor total (J),Processor mean (W),DRAM total (J),DRAM mean (W),Total time (s)
0,25.5018,9.497570461538462,2.1752,0.8052466153846154,2.6986999999999997
