,Processor total (J),Processor mean (W),DRAM total (J),DRAM mean (W),Total time (s)
0,691.8575000000001,25.097301739055986,20.032899999999998,0.72646923770032,27.5947
