,Processor total (J),Processor mean (W),DRAM total (J),DRAM mean (W),Total time (s)
0,70.79760000000002,19.748455971479498,2.6603000000000003,0.7404065953654189,3.6047
