,Processor total (J),Processor mean (W),DRAM total (J),DRAM mean (W),Total time (s)
0,36.3759,13.205769230769231,2.2592000000000003,0.8123615384615384,2.7811
