,Processor total (J),Processor mean (W),DRAM total (J),DRAM mean (W),Total time (s)
0,50.716899999999995,18.585251538461538,2.3033,0.8383681538461539,2.7521999999999998
