,Processor total (J),Processor mean (W),DRAM total (J),DRAM mean (W),Total time (s)
0,86.324,21.904418918918918,3.9157999999999995,0.9876918918918918,3.9665
