,Processor total (J),Processor mean (W),DRAM total (J),DRAM mean (W),Total time (s)
0,40.3237,16.94559505928854,1.9818000000000002,0.8243600790513833,2.4092000000000002
