,Processor total (J),Processor mean (W),DRAM total (J),DRAM mean (W),Total time (s)
0,70.2327,22.69678275862069,3.0000999999999998,0.9679000000000002,3.1005
