,Processor total (J),Processor mean (W),DRAM total (J),DRAM mean (W),Total time (s)
0,46.39,18.203901268115946,2.2522,0.8825463768115942,2.5511999999999997
