,Processor total (J),Processor mean (W),DRAM total (J),DRAM mean (W),Total time (s)
0,53.66179999999999,19.10398846153846,2.221,0.7929538461538461,2.7987
