,Processor total (J),Processor mean (W),DRAM total (J),DRAM mean (W),Total time (s)
0,41.49909999999999,16.786112499999998,2.1461,0.8553499999999999,2.5291
