,Processor total (J),Processor mean (W),DRAM total (J),DRAM mean (W),Total time (s)
0,43.9148,14.223171027184822,2.8713,0.9288148741105637,3.0937999999999994
