,Processor total (J),Processor mean (W),DRAM total (J),DRAM mean (W),Total time (s)
0,22.949399999999997,9.427821739130435,2.0061,0.812904347826087,2.4726
