,Processor total (J),Processor mean (W),DRAM total (J),DRAM mean (W),Total time (s)
0,26.8151,9.48188091168091,2.3430999999999997,0.8183420227920228,2.8706000000000005
