,Processor total (J),Processor mean (W),DRAM total (J),DRAM mean (W),Total time (s)
0,42.651199999999996,11.652418235294117,2.9866,0.8163600840336134,3.6599000000000004
