,Processor total (J),Processor mean (W),DRAM total (J),DRAM mean (W),Total time (s)
0,36.9229,13.303153846153847,2.1611000000000002,0.7713763532763533,2.8023000000000002
