,Processor total (J),Processor mean (W),DRAM total (J),DRAM mean (W),Total time (s)
0,662.6308000000001,24.40958817457055,18.947400000000002,0.6977596012028178,27.185899999999997
